Cell,EW,NS,Trials,Presences
112,307500,9347500,10,0
142,457500,9347500,10,0
177,632500,9347500,10,0
196,727500,9347500,10,0
246,432500,9352500,10,0
264,522500,9352500,10,0
319,797500,9352500,10,0
330,307500,9357500,10,0
357,442500,9357500,10,0
387,592500,9357500,10,0
512,672500,9362500,10,0
560,367500,9367500,10,0
620,667500,9367500,10,0
630,717500,9367500,10,0
652,827500,9367500,10,0
700,522500,9372500,10,0
866,807500,9377500,10,0
875,307500,9382500,10,0
950,682500,9382500,10,0
956,712500,9382500,10,0
957,717500,9382500,6,0
1065,712500,9387500,10,0
1066,717500,9387500,5,0
1176,722500,9392500,3,0
1177,727500,9392500,1,0
1180,742500,9392500,10,0
1181,747500,9392500,7,0
1182,752500,9392500,18,0
1196,822500,9392500,10,0
1286,727500,9397500,3,0
1390,702500,9402500,9,0
1391,707500,9402500,14,0
1392,712500,9402500,4,0
1394,722500,9402500,7,0
1395,727500,9402500,3,0
1399,747500,9402500,6,0
1401,757500,9402500,6,0
1499,702500,9407500,10,0
1500,707500,9407500,3,0
1502,717500,9407500,3,0
1503,722500,9407500,8,0
1615,737500,9412500,10,0
1723,732500,9417500,6,0
1724,737500,9417500,5,0
1791,527500,9422500,10,0
1820,672500,9422500,10,0
1832,732500,9422500,4,0
1833,737500,9422500,3,0
1874,397500,9427500,10,0
1930,677500,9427500,3,0
1931,682500,9427500,14,0
1933,692500,9427500,6,0
1941,732500,9427500,2,0
2002,492500,9432500,10,0
2041,687500,9432500,6,0
2042,692500,9432500,14,0
2049,727500,9432500,3,0
2050,732500,9432500,14,0
2051,737500,9432500,1,0
2128,577500,9437500,10,0
2154,707500,9437500,10,0
2158,727500,9437500,11,0
2159,732500,9437500,3,0
2170,787500,9437500,10,0
2260,692500,9442500,10,0
2271,747500,9442500,6,0
2372,707500,9447500,2,0
2379,742500,9447500,10,0
2469,647500,9452500,10,0
2481,707500,9452500,8,0
2482,712500,9452500,1,0
2484,722500,9452500,10,0
2534,427500,9457500,10,0
2585,682500,9457500,10,0
2658,502500,9462500,10,0
2691,667500,9462500,10,0
2788,607500,9467500,10,0
2939,817500,9472500,10,0
3003,592500,9477500,10,0
3028,717500,9477500,6,0
3029,722500,9477500,4,0
3125,657500,9482500,1,0
3126,662500,9482500,7,0
3127,667500,9482500,5,0
3128,672500,9482500,1,0
3129,677500,9482500,4,0
3135,707500,9482500,3,0
3136,712500,9482500,10,0
3137,717500,9482500,4,0
3138,722500,9482500,1,0
3161,292500,9487500,10,0
3195,462500,9487500,10,0
3226,617500,9487500,10,0
3230,637500,9487500,1,0
3234,657500,9487500,3,0
3235,662500,9487500,4,0
3243,702500,9487500,5,0
3244,707500,9487500,2,0
3252,747500,9487500,6,0
3283,357500,9492500,10,0
3316,522500,9492500,10,0
3328,582500,9492500,10,0
3338,632500,9492500,4,0
3344,662500,9492500,9,0
3345,667500,9492500,6,0
3386,327500,9497500,10,0
3403,412500,9497500,10,0
3445,622500,9497500,3,0
3446,627500,9497500,2,0
3447,632500,9497500,1,0
3451,652500,9497500,3,0
3452,657500,9497500,6,0
3454,667500,9497500,15,0
3467,732500,9497500,10,0
3554,622500,9502500,1,0
3559,647500,9502500,1,0
3560,652500,9502500,5,0
3561,657500,9502500,5,0
3562,662500,9502500,4,0
3594,822500,9502500,10,0
3626,437500,9507500,10,0
3656,587500,9507500,10,0
3663,622500,9507500,12,0
3664,627500,9507500,1,0
3666,637500,9507500,5,0
3667,642500,9507500,35,0
3668,647500,9507500,9,0
3669,652500,9507500,6,0
3670,657500,9507500,4,0
3680,707500,9507500,10,0
3733,427500,9512500,10,0
3772,622500,9512500,9,0
3775,637500,9512500,6,0
3776,642500,9512500,8,0
3777,647500,9512500,41,0
3778,652500,9512500,14,0
3810,812500,9512500,10,0
3817,302500,9517500,10,0
3818,307500,9517500,10,0
3844,437500,9517500,10,0
3864,537500,9517500,10,0
3876,597500,9517500,10,0
3883,632500,9517500,8,0
3884,637500,9517500,19,0
3885,642500,9517500,12,0
3886,647500,9517500,12,0
3924,292500,9522500,10,0
3946,402500,9522500,10,0
3988,612500,9522500,7,0
3992,632500,9522500,2,0
4008,712500,9522500,10,0
4085,552500,9527500,2,0
4086,557500,9527500,4,0
4087,562500,9527500,2,0
4097,612500,9527500,2,0
4102,637500,9527500,4,0
4122,737500,9527500,10,0
4128,767500,9527500,10,0
4164,402500,9532500,10,0
4167,417500,9532500,10,0
4193,547500,9532500,3,0
4194,552500,9532500,1,0
4210,632500,9532500,2,0
4212,642500,9532500,10,0
4228,722500,9532500,6,0
4314,607500,9537500,10,0
4315,612500,9537500,2,0
4316,617500,9537500,31,0
4317,622500,9537500,2,0
4362,302500,9542500,10,0
4417,577500,9542500,10,0
4425,617500,9542500,4,0
4462,802500,9542500,10,0
4581,307500,9552500,10,0
4585,327500,9552500,10,0
4621,507500,9552500,10,0
4623,517500,9552500,10,0
4668,742500,9552500,6,0
4744,577500,9557500,10,0
4754,627500,9557500,6,0
4831,467500,9562500,10,0
4888,752500,9562500,10,0
4937,452500,9567500,10,0
4969,612500,9567500,10,0
5020,322500,9572500,10,0
5081,627500,9572500,10,0
5162,487500,9577500,10,0
5218,767500,9577500,10,0
5255,407500,9582500,10,0
5261,437500,9582500,10,0
5385,512500,9587500,10,0
5421,692500,9587500,10,0
5524,662500,9592500,3,0
5525,667500,9592500,4,0
5562,307500,9597500,10,0
5633,662500,9597500,11,0
5638,687500,9597500,10,0
5742,662500,9602500,10,0
5745,677500,9602500,2,0
5746,682500,9602500,4,0
5747,687500,9602500,3,0
5759,747500,9602500,10,0
5797,392500,9607500,10,0
5817,492500,9607500,10,0
5848,647500,9607500,1,0
5850,657500,9607500,10,1
5851,662500,9607500,10,3
5852,667500,9607500,4,0
5853,672500,9607500,2,0
5854,677500,9607500,3,0
5856,687500,9607500,5,0
5867,742500,9607500,6,0
5916,442500,9612500,10,0
5957,647500,9612500,10,0
5958,652500,9612500,16,2
5959,657500,9612500,19,1
5960,662500,9612500,2,0
5961,667500,9612500,21,0
5963,677500,9612500,2,0
5964,682500,9612500,6,0
6047,552500,9617500,10,0
6066,647500,9617500,6,0
6067,652500,9617500,24,1
6068,657500,9617500,6,0
6069,662500,9617500,14,0
6070,667500,9617500,8,0
6072,677500,9617500,5,0
6173,637500,9622500,8,0
6174,642500,9622500,13,1
6175,647500,9622500,22,0
6176,652500,9622500,5,0
6177,657500,9622500,8,0
6178,662500,9622500,3,0
6179,667500,9622500,9,0
6180,672500,9622500,9,0
6181,677500,9622500,8,0
6196,752500,9622500,10,0
6259,522500,9627500,10,0
6280,627500,9627500,2,0
6281,632500,9627500,4,0
6282,637500,9627500,3,0
6284,647500,9627500,10,0
6285,652500,9627500,6,0
6288,667500,9627500,4,0
6289,672500,9627500,13,0
6290,677500,9627500,8,0
6291,682500,9627500,9,0
6292,687500,9627500,12,0
6358,472500,9632500,10,0
6381,587500,9632500,10,0
6389,627500,9632500,2,0
6393,647500,9632500,6,0
6394,652500,9632500,8,0
6397,667500,9632500,10,2
6398,672500,9632500,12,0
6401,687500,9632500,11,0
6495,612500,9637500,10,0
6502,647500,9637500,3,0
6503,652500,9637500,2,0
6504,657500,9637500,5,0
6505,662500,9637500,5,2
6506,667500,9637500,6,4
6507,672500,9637500,11,0
6509,682500,9637500,1,0
6510,687500,9637500,5,0
6542,302500,9642500,10,0
6586,522500,9642500,10,0
6611,647500,9642500,5,0
6615,667500,9642500,10,1
6616,672500,9642500,4,0
6618,682500,9642500,4,0
6632,752500,9642500,10,0
6704,567500,9647500,10,0
6717,632500,9647500,10,0
6720,647500,9647500,3,0
6721,652500,9647500,3,0
6722,657500,9647500,11,0
6723,662500,9647500,31,17
6724,667500,9647500,6,1
6726,677500,9647500,1,0
6727,682500,9647500,5,0
6793,467500,9652500,10,0
6830,652500,9652500,5,0
6831,657500,9652500,30,0
6832,662500,9652500,29,2
6833,667500,9652500,12,1
6834,672500,9652500,22,0
6835,677500,9652500,7,0
6846,732500,9652500,6,0
6913,522500,9657500,10,0
6940,657500,9657500,13,0
6941,662500,9657500,48,0
6942,667500,9657500,16,1
6944,677500,9657500,4,0
6945,682500,9657500,3,0
6948,697500,9657500,7,0
6949,702500,9657500,5,0
6998,402500,9662500,10,0
7040,612500,9662500,10,0
7049,657500,9662500,4,0
7050,662500,9662500,20,0
7051,667500,9662500,22,0
7053,677500,9662500,9,0
7054,682500,9662500,8,0
7055,687500,9662500,5,0
7056,692500,9662500,5,0
7057,697500,9662500,2,0
7058,702500,9662500,10,0
7090,317500,9667500,10,0
7124,487500,9667500,10,0
7157,652500,9667500,6,0
7160,667500,9667500,10,0
7162,677500,9667500,5,0
7163,682500,9667500,6,0
7165,692500,9667500,1,0
7166,697500,9667500,4,0
7167,702500,9667500,3,0
7215,397500,9672500,10,0
7223,437500,9672500,10,0
7230,472500,9672500,10,0
7269,667500,9672500,10,0
7270,672500,9672500,6,0
7275,697500,9672500,5,0
7276,702500,9672500,2,0
7280,722500,9672500,6,0
7320,377500,9677500,10,0
7378,667500,9677500,6,0
7392,737500,9677500,10,0
7490,682500,9682500,10,0
7540,387500,9687500,10,0
7598,677500,9687500,10,0
7637,327500,9692500,10,0
7645,367500,9692500,10,0
7761,402500,9697500,10,0
7823,712500,9697500,6,0
7886,482500,9702500,10,0
7930,702500,9702500,6,0
7986,437500,9707500,10,0
7993,472500,9707500,10,0
8034,677500,9707500,6,0
8102,472500,9712500,10,0
8125,587500,9712500,10,0
8130,612500,9712500,5,0
8131,617500,9712500,20,0
8132,622500,9712500,6,0
8135,637500,9712500,5,0
8136,642500,9712500,6,0
8189,362500,9717500,10,0
8200,417500,9717500,10,0
8239,612500,9717500,7,0
8240,617500,9717500,28,0
8241,622500,9717500,14,0
8242,627500,9717500,11,0
8243,632500,9717500,10,0
8244,637500,9717500,6,0
8269,762500,9717500,10,0
8289,317500,9722500,10,0
8339,567500,9722500,10,0
8344,592500,9722500,10,0
8348,612500,9722500,7,0
8349,617500,9722500,9,1
8350,622500,9722500,9,0
8351,627500,9722500,2,0
8352,632500,9722500,4,0
8353,637500,9722500,3,0
8354,642500,9722500,2,0
8355,647500,9722500,5,0
8356,652500,9722500,1,0
8436,507500,9727500,10,0
8451,582500,9727500,10,0
8457,612500,9727500,17,0
8458,617500,9727500,19,0
8459,622500,9727500,17,1
8460,627500,9727500,12,0
8461,632500,9727500,4,0
8463,642500,9727500,3,0
8465,652500,9727500,6,0
8565,607500,9732500,6,0
8566,612500,9732500,9,0
8567,617500,9732500,10,0
8568,622500,9732500,15,4
8569,627500,9732500,14,2
8570,632500,9732500,8,0
8571,637500,9732500,5,0
8572,642500,9732500,5,0
8574,652500,9732500,5,0
8580,682500,9732500,1,0
8581,687500,9732500,100,3
8582,692500,9732500,100,6
8658,527500,9737500,10,0
8674,607500,9737500,10,0
8675,612500,9737500,7,0
8676,617500,9737500,9,0
8677,622500,9737500,1,0
8678,627500,9737500,1,0
8679,632500,9737500,4,0
8680,637500,9737500,1,0
8683,652500,9737500,2,0
8684,657500,9737500,2,0
8690,687500,9737500,75,7
8691,692500,9737500,100,16
8783,607500,9742500,4,0
8784,612500,9742500,9,0
8786,622500,9742500,5,0
8787,627500,9742500,5,0
8792,652500,9742500,5,0
8797,677500,9742500,10,0
8798,682500,9742500,100,5
8799,687500,9742500,47,6
8800,692500,9742500,100,1
8801,697500,9742500,22,0
8846,377500,9747500,10,0
8893,612500,9747500,16,0
8894,617500,9747500,9,0
8895,622500,9747500,6,0
8896,627500,9747500,7,0
8897,632500,9747500,11,0
8898,637500,9747500,2,0
8901,652500,9747500,6,0
8907,682500,9747500,84,7
8908,687500,9747500,100,8
8909,692500,9747500,100,6
8910,697500,9747500,27,1
8911,702500,9747500,6,0
8918,737500,9747500,10,0
8975,477500,9752500,10,0
9002,612500,9752500,4,0
9003,617500,9752500,17,0
9004,622500,9752500,6,0
9005,627500,9752500,4,0
9006,632500,9752500,6,0
9007,637500,9752500,13,0
9008,642500,9752500,5,0
9009,647500,9752500,4,0
9016,682500,9752500,63,0
9017,687500,9752500,37,1
9018,692500,9752500,54,6
9019,697500,9752500,100,4
9111,612500,9757500,9,0
9112,617500,9757500,25,0
9113,622500,9757500,3,0
9114,627500,9757500,3,0
9115,632500,9757500,5,0
9116,637500,9757500,3,0
9125,682500,9757500,8,0
9126,687500,9757500,10,0
9127,692500,9757500,6,0
9128,697500,9757500,100,0
9129,702500,9757500,15,0
9132,717500,9757500,6,0
9159,307500,9762500,10,0
9171,367500,9762500,10,0
9211,567500,9762500,3,0
9220,612500,9762500,2,0
9234,682500,9762500,1,0
9235,687500,9762500,5,0
9236,692500,9762500,2,0
9237,697500,9762500,14,0
9238,702500,9762500,65,0
9276,347500,9767500,10,0
9319,562500,9767500,6,1
9342,677500,9767500,10,0
9344,687500,9767500,1,0
9345,692500,9767500,8,0
9346,697500,9767500,6,0
9347,702500,9767500,4,0
9351,722500,9767500,6,0
9356,747500,9767500,10,0
9427,557500,9772500,11,0
9428,562500,9772500,1,1
9503,392500,9777500,10,0
9536,557500,9777500,7,0
9537,562500,9777500,1,0
9601,337500,9782500,10,0
9617,417500,9782500,10,0
9645,557500,9782500,3,0
9646,562500,9782500,2,0
9703,302500,9787500,10,0
9737,472500,9787500,10,0
9743,502500,9787500,10,0
9754,557500,9787500,4,0
9860,542500,9792500,6,0
9861,547500,9792500,5,2
9862,552500,9792500,3,0
9863,557500,9792500,4,0
9864,562500,9792500,7,1
9871,597500,9792500,1,0
9872,602500,9792500,4,0
9874,612500,9792500,6,1
9875,617500,9792500,1,0
9897,727500,9792500,6,0
9907,777500,9792500,10,0
9921,302500,9797500,10,0
9932,357500,9797500,10,0
9951,452500,9797500,10,0
9960,497500,9797500,4,0
9961,502500,9797500,5,0
9962,507500,9797500,3,0
9968,537500,9797500,6,0
9969,542500,9797500,1,0
9971,552500,9797500,8,1
9973,562500,9797500,10,1
9974,567500,9797500,23,2
9975,572500,9797500,7,1
9976,577500,9797500,1,0
9981,602500,9797500,2,0
9982,607500,9797500,19,0
9983,612500,9797500,13,1
9984,617500,9797500,5,1
10040,352500,9802500,10,0
10054,422500,9802500,10,0
10067,487500,9802500,10,0
10070,502500,9802500,30,0
10071,507500,9802500,16,2
10073,517500,9802500,5,0
10074,522500,9802500,10,4
10075,527500,9802500,4,0
10076,532500,9802500,15,0
10077,537500,9802500,18,2
10078,542500,9802500,7,1
10079,547500,9802500,10,1
10081,557500,9802500,15,2
10082,562500,9802500,14,2
10083,567500,9802500,11,1
10084,572500,9802500,4,1
10085,577500,9802500,2,0
10091,607500,9802500,3,0
10092,612500,9802500,10,2
10093,617500,9802500,19,1
10094,622500,9802500,6,0
10095,627500,9802500,2,0
10164,427500,9807500,10,0
10174,477500,9807500,10,0
10179,502500,9807500,43,5
10180,507500,9807500,9,2
10181,512500,9807500,1,0
10183,522500,9807500,8,1
10184,527500,9807500,11,2
10185,532500,9807500,4,1
10186,537500,9807500,5,0
10187,542500,9807500,1,0
10188,547500,9807500,5,0
10191,562500,9807500,10,1
10202,617500,9807500,16,0
10203,622500,9807500,2,0
10204,627500,9807500,4,0
10225,732500,9807500,6,0
10282,472500,9812500,10,0
10288,502500,9812500,9,0
10289,507500,9812500,38,3
10292,522500,9812500,7,0
10293,527500,9812500,5,0
10294,532500,9812500,2,0
10295,537500,9812500,5,0
10296,542500,9812500,4,0
10297,547500,9812500,2,1
10299,557500,9812500,11,3
10314,632500,9812500,10,0
10330,712500,9812500,6,0
10397,502500,9817500,9,0
10398,507500,9817500,5,0
10399,512500,9817500,19,0
10400,517500,9817500,11,0
10401,522500,9817500,10,0
10402,527500,9817500,8,0
10403,532500,9817500,11,0
10404,537500,9817500,16,2
10405,542500,9817500,13,4
10406,547500,9817500,10,3
10407,552500,9817500,7,0
10408,557500,9817500,5,1
10451,772500,9817500,10,0
10465,297500,9822500,10,0
10506,502500,9822500,3,0
10507,507500,9822500,5,0
10508,512500,9822500,3,0
10509,517500,9822500,12,0
10510,522500,9822500,8,0
10511,527500,9822500,7,0
10512,532500,9822500,9,0
10513,537500,9822500,9,2
10514,542500,9822500,14,4
10515,547500,9822500,16,8
10552,732500,9822500,100,0
10553,737500,9822500,100,0
10595,402500,9827500,10,0
10616,507500,9827500,1,0
10617,512500,9827500,3,0
10618,517500,9827500,15,4
10619,522500,9827500,4,1
10624,547500,9827500,1,0
10625,552500,9827500,5,4
10639,622500,9827500,10,0
10661,732500,9827500,6,0
10662,737500,9827500,13,0
10664,747500,9827500,15,0
10665,752500,9827500,100,0
10666,757500,9827500,100,0
10696,362500,9832500,10,0
10716,462500,9832500,10,0
10726,512500,9832500,16,0
10727,517500,9832500,27,4
10729,527500,9832500,2,0
10730,532500,9832500,7,4
10766,712500,9832500,6,0
10773,747500,9832500,2,0
10774,752500,9832500,72,0
10775,757500,9832500,100,0
10776,762500,9832500,100,0
10777,767500,9832500,52,0
10778,772500,9832500,1,0
10834,507500,9837500,1,0
10835,512500,9837500,8,0
10836,517500,9837500,18,3
10837,522500,9837500,1,0
10838,527500,9837500,6,2
10884,757500,9837500,20,0
10885,762500,9837500,100,0
10886,767500,9837500,100,0
10887,772500,9837500,56,0
10942,502500,9842500,5,0
10945,517500,9842500,5,0
10946,522500,9842500,15,2
10947,527500,9842500,12,2
10991,747500,9842500,10,0
10993,757500,9842500,86,0
10994,762500,9842500,100,0
10995,767500,9842500,100,0
10996,772500,9842500,100,0
10997,777500,9842500,25,0
11022,357500,9847500,10,0
11028,387500,9847500,10,0
11033,412500,9847500,10,0
11051,502500,9847500,1,0
11055,522500,9847500,16,2
11056,527500,9847500,3,1
11057,532500,9847500,3,0
11086,677500,9847500,10,0
11103,762500,9847500,2,0
11104,767500,9847500,100,0
11105,772500,9847500,100,0
11106,777500,9847500,100,0
11107,782500,9847500,64,0
11108,787500,9847500,15,0
11122,312500,9852500,10,0
11161,507500,9852500,8,1
11162,512500,9852500,6,0
11164,522500,9852500,7,0
11165,527500,9852500,2,0
11199,697500,9852500,10,0
11212,762500,9852500,100,0
11214,772500,9852500,48,0
11215,777500,9852500,100,0
11216,782500,9852500,100,0
11217,787500,9852500,100,0
11272,517500,9857500,9,4
11273,522500,9857500,5,2
11285,582500,9857500,10,0
11287,592500,9857500,10,0
11381,517500,9862500,6,4
11428,752500,9862500,61,0
11429,757500,9862500,1,0
11430,762500,9862500,4,0
11431,767500,9862500,3,0
11475,442500,9867500,10,0
11483,482500,9867500,1,0
11485,492500,9867500,3,0
11537,752500,9867500,47,0
11538,757500,9867500,100,0
11592,482500,9872500,13,2
11593,487500,9872500,25,7
11594,492500,9872500,13,0
11605,547500,9872500,10,0
11636,702500,9872500,6,0
11647,757500,9872500,1,0
11701,482500,9877500,15,0
11702,487500,9877500,15,0
11703,492500,9877500,8,0
11757,762500,9877500,4,0
11802,442500,9882500,10,0
11866,762500,9882500,18,0
11904,407500,9887500,10,0
11927,522500,9887500,1,0
11928,527500,9887500,10,0
11960,687500,9887500,10,0
11965,712500,9887500,10,0
11975,762500,9887500,100,0
12033,507500,9892500,4,0
12036,522500,9892500,1,0
12037,527500,9892500,10,0
12038,532500,9892500,13,0
12039,537500,9892500,3,0
12084,762500,9892500,25,0
12089,787500,9892500,1,0
12140,497500,9897500,2,0
12141,502500,9897500,2,0
12142,507500,9897500,10,0
12143,512500,9897500,11,0
12146,527500,9897500,6,0
12147,532500,9897500,16,0
12148,537500,9897500,13,1
12149,542500,9897500,6,0
12150,547500,9897500,3,0
12151,552500,9897500,2,0
12193,762500,9897500,7,0
12234,422500,9902500,10,0
12247,487500,9902500,10,0
12248,492500,9902500,3,0
12249,497500,9902500,1,0
12251,507500,9902500,12,0
12252,512500,9902500,25,1
12255,527500,9902500,3,0
12256,532500,9902500,8,1
12257,537500,9902500,20,6
12258,542500,9902500,9,0
12260,552500,9902500,5,0
12302,762500,9902500,3,0
12337,392500,9907500,10,0
12346,437500,9907500,10,0
12357,492500,9907500,5,0
12358,497500,9907500,1,0
12360,507500,9907500,4,0
12361,512500,9907500,19,1
12362,517500,9907500,4,0
12364,527500,9907500,14,0
12365,532500,9907500,6,0
12366,537500,9907500,6,1
12367,542500,9907500,5,0
12368,547500,9907500,4,0
12369,552500,9907500,3,0
12466,492500,9912500,5,0
12467,497500,9912500,5,0
12470,512500,9912500,11,0
12471,517500,9912500,21,2
12472,522500,9912500,9,0
12473,527500,9912500,9,0
12479,557500,9912500,7,0
12480,562500,9912500,1,0
12514,732500,9912500,6,0
12518,752500,9912500,1,0
12519,757500,9912500,14,0
12520,762500,9912500,15,0
12521,767500,9912500,9,0
12567,452500,9917500,2,0
12568,457500,9917500,10,0
12569,462500,9917500,11,0
12570,467500,9917500,28,0
12571,472500,9917500,14,0
12572,477500,9917500,5,0
12573,482500,9917500,2,0
12574,487500,9917500,3,0
12575,492500,9917500,1,0
12576,497500,9917500,8,0
12577,502500,9917500,2,0
12578,507500,9917500,5,0
12579,512500,9917500,9,1
12580,517500,9917500,13,0
12581,522500,9917500,4,0
12582,527500,9917500,1,0
12589,562500,9917500,3,0
12616,697500,9917500,7,1
12627,752500,9917500,5,0
12628,757500,9917500,10,0
12629,762500,9917500,5,0
12634,787500,9917500,3,0
12646,302500,9922500,10,0
12656,352500,9922500,10,0
12676,452500,9922500,2,0
12677,457500,9922500,14,0
12678,462500,9922500,14,0
12679,467500,9922500,19,0
12680,472500,9922500,36,0
12681,477500,9922500,41,0
12682,482500,9922500,34,0
12683,487500,9922500,34,0
12684,492500,9922500,26,0
12685,497500,9922500,11,0
12686,502500,9922500,11,1
12687,507500,9922500,7,0
12698,562500,9922500,1,0
12737,757500,9922500,8,0
12738,762500,9922500,12,0
12739,767500,9922500,2,0
12743,787500,9922500,3,0
12744,792500,9922500,10,0
12786,457500,9927500,1,0
12787,462500,9927500,18,0
12788,467500,9927500,22,0
12789,472500,9927500,11,0
12790,477500,9927500,10,0
12791,482500,9927500,10,0
12792,487500,9927500,11,0
12794,497500,9927500,3,0
12795,502500,9927500,8,0
12796,507500,9927500,7,0
12807,562500,9927500,5,0
12842,737500,9927500,10,0
12845,752500,9927500,1,0
12846,757500,9927500,12,0
12847,762500,9927500,11,0
12848,767500,9927500,2,0
12852,787500,9927500,2,0
12853,792500,9927500,71,0
12854,797500,9927500,11,0
12897,467500,9932500,4,0
12898,472500,9932500,13,0
12899,477500,9932500,5,0
12900,482500,9932500,4,0
12901,487500,9932500,5,0
12904,502500,9932500,5,0
12905,507500,9932500,3,0
12916,562500,9932500,1,0
12947,717500,9932500,10,0
12954,752500,9932500,10,0
12955,757500,9932500,20,0
12956,762500,9932500,15,0
12961,787500,9932500,21,0
12962,792500,9932500,100,0
12963,797500,9932500,88,0
13010,487500,9937500,7,0
13011,492500,9937500,10,0
13012,497500,9937500,9,0
13013,502500,9937500,12,0
13014,507500,9937500,2,0
13025,562500,9937500,3,0
13026,567500,9937500,2,0
13044,657500,9937500,9,3
13045,662500,9937500,2,0
13060,737500,9937500,6,0
13064,757500,9937500,3,0
13069,782500,9937500,10,0
13070,787500,9937500,12,0
13071,792500,9937500,75,0
13072,797500,9937500,9,0
13107,427500,9942500,10,0
13152,652500,9942500,18,7
13153,657500,9942500,25,9
13154,662500,9942500,21,8
13155,667500,9942500,3,3
13180,792500,9942500,68,0
13181,797500,9942500,100,0
13192,307500,9947500,10,0
13202,357500,9947500,10,0
13261,652500,9947500,12,0
13262,657500,9947500,15,0
13263,662500,9947500,3,1
13284,767500,9947500,6,0
13289,792500,9947500,14,0
13290,797500,9947500,100,0
13399,797500,9952500,1,0
13486,687500,9957500,7,1
13487,692500,9957500,7,2
13509,802500,9957500,10,0
13553,477500,9962500,3,0
13554,482500,9962500,5,0
13664,487500,9967500,4,0
13665,492500,9967500,3,0
13666,497500,9967500,3,0
13667,502500,9967500,3,0
13715,742500,9967500,6,0
13741,327500,9972500,10,0
13775,497500,9972500,1,0
13777,507500,9972500,3,0
13778,512500,9972500,5,0
13780,522500,9972500,4,0
13781,527500,9972500,5,0
13832,782500,9972500,6,0
13844,297500,9977500,10,0
13885,502500,9977500,6,0
13886,507500,9977500,3,0
13887,512500,9977500,13,0
13888,517500,9977500,2,0
13889,522500,9977500,3,0
13890,527500,9977500,2,0
13894,547500,9977500,3,0
13939,772500,9977500,4,0
13940,777500,9977500,100,0
13994,502500,9982500,7,0
13995,507500,9982500,18,0
13996,512500,9982500,6,0
13997,517500,9982500,8,0
13998,522500,9982500,5,0
13999,527500,9982500,5,0
14000,532500,9982500,5,0
14001,537500,9982500,5,0
14002,542500,9982500,5,0
14003,547500,9982500,17,0
14047,767500,9982500,8,0
14048,772500,9982500,7,2
14049,777500,9982500,100,0
14050,782500,9982500,100,0
14051,787500,9982500,100,0
14052,792500,9982500,52,0
14053,797500,9982500,2,0
14103,502500,9987500,11,0
14104,507500,9987500,26,0
14156,767500,9987500,21,2
14157,772500,9987500,100,5
14158,777500,9987500,52,0
14159,782500,9987500,100,0
14160,787500,9987500,100,0
14161,792500,9987500,100,0
14162,797500,9987500,100,0
14163,802500,9987500,6,0
14175,317500,9992500,10,0
14213,507500,9992500,17,0
14214,512500,9992500,2,0
14267,777500,9992500,3,0
14268,782500,9992500,100,0
14269,787500,9992500,24,0
14270,792500,9992500,60,0
14271,797500,9992500,75,0
14272,802500,9992500,100,0
14278,832500,9992500,10,0
14323,512500,9997500,8,0
14324,517500,9997500,8,0
14365,722500,9997500,10,0
14377,782500,9997500,14,0
14378,787500,9997500,5,0
14379,792500,9997500,11,0
14380,797500,9997500,33,0
14381,802500,9997500,100,0
14382,807500,9997500,2,0
14426,482500,10002500,10,0
14433,517500,10002500,2,0
14434,522500,10002500,11,0
14435,527500,10002500,2,0
14456,632500,10002500,7,0
14457,637500,10002500,10,0
14458,642500,10002500,10,0
14459,647500,10002500,11,0
14460,652500,10002500,2,0
14461,657500,10002500,12,0
14462,662500,10002500,12,0
14463,667500,10002500,4,0
14486,782500,10002500,41,0
14487,787500,10002500,10,0
14488,792500,10002500,14,0
14489,797500,10002500,100,0
14490,802500,10002500,100,0
14540,507500,10007500,1,0
14541,512500,10007500,2,0
14543,522500,10007500,10,0
14544,527500,10007500,10,0
14545,532500,10007500,8,0
14546,537500,10007500,10,0
14567,642500,10007500,8,0
14568,647500,10007500,8,0
14569,652500,10007500,26,0
14570,657500,10007500,22,0
14571,662500,10007500,6,0
14587,742500,10007500,10,0
14591,762500,10007500,6,0
14594,777500,10007500,20,0
14595,782500,10007500,100,0
14596,787500,10007500,30,0
14597,792500,10007500,33,0
14598,797500,10007500,100,0
14599,802500,10007500,5,0
14611,317500,10012500,10,0
14628,402500,10012500,10,0
14644,482500,10012500,10,0
14649,507500,10012500,10,0
14650,512500,10012500,4,0
14651,517500,10012500,1,0
14654,532500,10012500,12,0
14655,537500,10012500,6,0
14676,642500,10012500,6,0
14677,647500,10012500,9,0
14678,652500,10012500,14,0
14679,657500,10012500,14,0
14680,662500,10012500,1,0
14698,752500,10012500,6,0
14703,777500,10012500,16,0
14704,782500,10012500,11,0
14706,792500,10012500,26,0
14707,797500,10012500,1,0
14760,517500,10017500,5,0
14764,537500,10017500,11,0
14812,777500,10017500,4,0
14813,782500,10017500,2,0
14815,792500,10017500,71,0
14816,797500,10017500,15,0
14869,517500,10022500,2,0
14870,522500,10022500,3,0
14871,527500,10022500,1,0
14873,537500,10022500,6,0
14874,542500,10022500,9,0
14911,727500,10022500,10,0
14924,792500,10022500,30,0
14925,797500,10022500,100,0
14979,522500,10027500,4,0
14980,527500,10027500,9,0
14983,542500,10027500,9,0
15033,792500,10027500,12,0
15034,797500,10027500,35,0
15134,752500,10032500,10,0
15142,792500,10032500,34,0
15143,797500,10032500,100,0
15145,807500,10032500,5,0
15146,812500,10032500,2,0
15190,487500,10037500,10,0
15232,697500,10037500,1,0
15250,787500,10037500,5,0
15254,807500,10037500,36,0
15255,812500,10037500,35,0
15256,817500,10037500,3,0
15309,537500,10042500,10,0
15339,687500,10042500,3,0
15340,692500,10042500,5,0
15358,782500,10042500,13,0
15359,787500,10042500,21,0
15365,817500,10042500,10,0
15447,682500,10047500,5,0
15448,687500,10047500,3,0
15467,782500,10047500,64,0
15468,787500,10047500,2,0
15565,727500,10052500,10,0
15576,782500,10052500,65,0
15692,817500,10057500,10,0
15693,822500,10057500,1,0
15760,612500,10062500,10,0
15802,822500,10062500,5,0
15803,827500,10062500,1,0
15850,517500,10067500,10,0
15857,552500,10067500,10,0
15897,752500,10067500,10,0
15912,827500,10067500,1,0
15965,547500,10072500,10,0
15968,562500,10072500,10,0
15973,587500,10072500,10,0
16048,417500,10077500,10,0
16073,542500,10077500,10,0
16379,437500,10092500,10,0
16693,372500,10107500,10,0
16717,492500,10107500,10,0
16731,562500,10107500,10,0
16942,527500,10117500,10,0
16999,812500,10117500,10,0
17037,457500,10122500,10,0
17080,672500,10122500,10,0
17103,787500,10122500,10,0
17108,812500,10122500,1,0
17109,817500,10122500,3,0
17216,807500,10127500,11,0
17217,812500,10127500,24,0
17218,817500,10127500,9,0
17325,807500,10132500,85,0
17326,812500,10132500,46,0
17327,817500,10132500,18,0
17434,807500,10137500,100,0
17435,812500,10137500,100,0
17436,817500,10137500,100,0
17437,822500,10137500,30,0
17438,827500,10137500,4,0
17542,802500,10142500,12,0
17543,807500,10142500,22,0
17544,812500,10142500,82,0
17545,817500,10142500,19,0
17546,822500,10142500,2,0
17654,817500,10147500,1,0
